FSQ_ID,Name,Category,Icon,Latitude,Longitude,Region,Formatted Address,Description,Phone Number,Rating,Price,Tips
4c7e3b3ed6543704978bc2a2,Oberweis,Bakery,https://ss3.4sqi.net/img/categories_v2/food/bakery_bg_64.png,49.612034,6.131314,Distrikt LÃ«tzebuerg,"16, Grand-Rue, 1660 LÃ«tzebuerg",N/A,47 07 03,8.7,3,"Itâ€™s Oberweis guys !!!| Itâ€™s better than Namur. The Knippecher are less sweet and more complex. The lemon tart is great too.| ĞĞµĞ¾Ğ±Ñ‹Ñ‡Ğ½Ñ‹Ğµ Ğ¸ Ğ¾Ñ‡ĞµĞ½ÑŒ Ğ²ĞºÑƒÑĞ½Ñ‹Ğµ Ğ¿Ğ¸Ñ€Ğ¾Ğ¶Ğ½Ñ‹Ğµ, ÑĞ¾Ğ²ĞµÑ‚ÑƒÑ Ğ¾Ñ‡ĞµĞ½ÑŒ!| Ğ’ Ğ¿Ñ€Ğ¸Ğ½Ñ†Ğ¸Ğ¿Ğµ Ğ²ĞºÑƒÑĞ½Ğ¾, Ğ½Ğ¾ Ğ½Ğµ Ñ‚Ğ°Ğº Ñ‡Ñ‚Ğ¾Ğ±Ñ‹ Ğ’Ğ°Ñƒ-Ğ²Ğ°Ñƒ-Ğ²Ğ°Ñƒ, Ğ¶Ğ´Ğ°Ğ»Ğ¸ Ğ·Ğ°ĞºĞ°Ğ· Ğ² Ğ¿ÑÑ‚Ğ½Ğ¸Ñ†Ñƒ Ğ´Ğ½Ñ‘Ğ¼ Ğ´Ğ¾Ğ²Ğ¾Ğ»ÑŒĞ½Ğ¾ Ğ´Ğ¾Ğ»Ğ³Ğ¾| Doces deliciosos!!"
5b9f5c2e492814002c17f1ee,Cereal Lovers,CafÃ©,https://ss3.4sqi.net/img/categories_v2/food/cafe_bg_64.png,49.612684,6.130287,Distrikt LÃ«tzebuerg,"11C Place du ThÃ©Ã¢tre, 2613 LÃ«tzebuerg",N/A,20 60 96 09,9.0,1,"Cosy little cafe. Friendly staff and wide selection of various cookies.| The cutest coffeeshop of Luxembourg on a cute, little square. Huge pieces of pie and delicious iced coffee. ğŸ‘ğŸ§‹| Very good americano and bagel with cream cheese. The patio is also super nice to relax for awhile.| Coffee is very good| Great coffee and in a cosy courtyard - good place for reading books! They have oat milk for coffee and do not charge extra, very lovely little place"
4caef13c39458cfa4e2cf69f,Um Dierfgen,German Restaurant,https://ss3.4sqi.net/img/categories_v2/food/german_bg_64.png,49.612126,6.131636,Distrikt LÃ«tzebuerg,"6 CÃ´te d'Eich, 1450 LÃ«tzebuerg",N/A,22 61 41,8.4,2,Highly recommend the Judd mat Gaardebounen!| Horse steak was really good... also the smoked pork neck. Good and friendly service| Cozy place with good traditional food and mussels.| Horse Steak = awesomeness
4d1c6c41ddc85481eef3c760,LadurÃ©e,Dessert Shop,https://ss3.4sqi.net/img/categories_v2/food/dessert_bg_64.png,49.611446,6.12789,Distrikt LÃ«tzebuerg,"18, Rue Philippe Ii, 1313 LÃ«tzebuerg","IdÃ©al pour une halte sucrÃ©e, notre salon de thÃ© LadurÃ©e vous offre un lieu d'exception oÃ¹ dÃ©guster vos macarons, pÃ¢tisseries, viennoiseries, ainsi que vos plats prÃ©fÃ©rÃ©s, accompagnÃ©es dâ€™une boisson chaude ou froide.",28 99 99 60,8.8,1,"El macaroon Ispahan es lo mÃ¡s delicioso!!!ğŸ˜˜ğŸ˜˜ğŸ˜˜ğŸ˜˜ğŸ˜˜| Macarons are great for sure. Slow and bad service in the cafe| Was soll man sagen, sehr leckere Macarons. Und die haben ihren Preis, sind aber auch ideale Mitbringsel fÃ¼r die Lieben zu Hause.| Good as always, not that cheap as I would like it to be though ğŸ˜‚| Place for princesses :) I prefer cakes from Oberweis, but this is classic.."
4b532419f964a520199027e3,Urban Bar,Bar,https://ss3.4sqi.net/img/categories_v2/nightlife/pub_bg_64.png,49.611566,6.132552,Distrikt LÃ«tzebuerg,"2 Rue de la Boucherie, 1247 LÃ«tzebuerg",N/A,26 47 85 78,8.3,2,"Very packed and pretentious service.| Good beers, mostly sulky staff and cosy atmosphere. You need to make a reservation for the outside.| Great place, very chill, excellent service, good selections, and relaxing ambience| Nice vibes.  Great food.  Different beers on draft.| It was perfect by all means! The food,drink,waiters,decoration,background music...I tried their entrecote & it was one of the best I ever had! & the price is really cheaper than the quality they offer"
5d7ca3b34b4ae000083746c6,Bazaar,Bar,https://ss3.4sqi.net/img/categories_v2/nightlife/pub_bg_64.png,49.610225,6.131815,Distrikt LÃ«tzebuerg,"Place Guillaume Ii 46, 1648 LÃ«tzebuerg",N/A,28 99 07 07,8.6,2,"Great place for sharing mezze.| This place has a really cool atmosphere and has many great vegetarian and even some vegan options. I would definitely recommend sharing a few different plates with friends.| Fantastic place, cool ambience, nice service, and good selections| Cocktails are great, food is tasty, but price-quantity-quality should be revisited. Fancy people| Bonne ambiance, cadre sympa !!"
54d54d9c498e31d1e8d077fd,De Gudde WÃ«llen Terrasse (Corniche),Concert Hall,https://ss3.4sqi.net/img/categories_v2/arts_entertainment/musicvenue_bg_64.png,49.609364,6.13365,Luxembourg,"Rue du Saint Esprit, 17, 1475 Luxembourg",N/A,691 867 212,9.2,3,"GroÃŸartige Aussicht und sehr nettes Personal| Sometimesnice comcerts. Good homemade rums :)| It's a bar with cool atmosphere, music and people. They have live acts and DJs every now and then playing various styles. One of the few alternative options in the city.| Somehow nice and cozy place and they have good beers.| The Okult beer is an awesome choice :)"
4e7f73074690d5f73e3fee96,Ambrosia,Greek Restaurant,https://ss3.4sqi.net/img/categories_v2/food/greek_bg_64.png,49.610106,6.129228,Distrikt LÃ«tzebuerg,"10 Rue Notre-Dame, 2240 LÃ«tzebuerg",N/A,26 47 80 44,8.4,2,"ĞĞ°ÑÑ‚Ğ¾ÑÑ‰Ğ¸Ğ¹ Ğ³Ñ€ĞµÑ‡ĞµÑĞºĞ¸Ğ¹ Ñ€ĞµÑÑ‚Ğ¾Ñ€Ğ°Ğ½ ĞºĞ°ĞºĞ¸Ğ¼ Ğ¾Ğ½ Ğ´Ğ¾Ğ»Ğ¶ĞµĞ½ Ğ±Ñ‹Ñ‚ÑŒ Ñ Ğ±Ğ¾Ğ»ÑŒÑˆĞ¸Ğ¼Ğ¸ Ğ¿Ğ¾Ñ€Ñ†Ğ¸ÑĞ¼Ğ¸| Kalamar enfes yanÄ±nda salata ve uzo ğŸ‘ğŸ» sipariÅŸiniz gelene kadar zeytinyaÄŸÄ±na sÄ±cak ekmeÄŸinizi ya da sarÄ±msaklÄ± pitanÄ±zÄ± banÄ±p yiyebilirsiniz ğŸ˜‹ (deniz mahsÃ¼lÃ¼ sevmiyorsanÄ±z mutlaka kuzuyu deneyin)| Great Greek restaurant. Reservation may be needed. If not, better to go early.| Service, Food, Price!!!| Mezeler sÃ¼per mutlaka"
4c5fe95fb6f3be9ab5fd5d73,CafÃ©s Knopes,Coffee Shop,https://ss3.4sqi.net/img/categories_v2/food/coffeeshop_bg_64.png,49.612623,6.127739,Distrikt LÃ«tzebuerg,"Avenue de la Porte Neuve, 2227 LÃ«tzebuerg",N/A,26 27 06 26,8.6,1,"Great taste of the coffee| Finally a place that smells of real good coffee in Luxembourg!| Cappuccino is good| Coffee is fine, but the place is too small and crowded, you have to sit near the door, no toilet.| They make the best cappucino in Luxembourg. The free biscuit they have by the door is delicious!"
4b66bf45f964a52080292be3,Aka CitÃ©,Sushi Restaurant,https://ss3.4sqi.net/img/categories_v2/food/sushi_bg_64.png,49.611708,6.12997,Distrikt LÃ«tzebuerg,"3 Rue Genistre, 1623 LÃ«tzebuerg",N/A,20 33 22 45,8.0,2,Fish is very fresh and good quality but the Sushiskills are very bad...| Very good japanese food! Excellent sushi and maki rolls! A must try in Luxemburg! ğŸ‘ŒğŸ»ğŸ£| The spicy beef is delicious!| Deliciousssss!!!!!!| Sushi Train Avrupa'da ki en iyi uygulamasÄ± ...sÄ±cak samimi leziz ğŸ‘ğŸ‘
4c545a5db3b09c74acdf2eb4,Cafe Restaurant Bodega,CafÃ©,https://ss3.4sqi.net/img/categories_v2/food/cafe_bg_64.png,49.61124,6.131208,Distrikt LÃ«tzebuerg,"5A, Rue du CurÃ©, 1368 LÃ«tzebuerg",N/A,22 25 53,7.9,2,"Belle adresse tout en simplicitÃ©, un accueil du tonnerre et un excellent rapport qualitÃ© prix| Good food and price ğŸ‘ŒğŸ»| good food/price but it took 45' to arrive , maybe because it is Saturday, not all the tables were full. I 'll try again definerely. Minus the behavior of the moustache waiter after a simple question.| Awesome steaks! The house red gets you some bang for your buck too at just â‚¬13 a bottle...lovely stuff."
53ad5409498ec433ee8889e2,Kaale Kaffi,CafÃ©,https://ss3.4sqi.net/img/categories_v2/food/cafe_bg_64.png,49.611536,6.133137,Distrikt LÃ«tzebuerg,"9, Rue de la Boucherie, 1247 LÃ«tzebuerg",N/A,26 26 25 01,8.0,1,"Love this place from the day one in Luxembourg- stylish, with character and soul. Serves tea any time of day or night :)| Fantastic decor for a great coffee experience!| Fantastic decor and ambience for a great coffee experience. A real highlight of our trip.| Cozy place, great stuff| Cosy environment (love the books and music choice), easy location, limited and decent/average drink options (coffee and cocktails/wine) - good to hang with friends for a chat or relax with a computer."
519cac55498e800573d4ddbe,Mamacita,Bar,https://ss3.4sqi.net/img/categories_v2/nightlife/pub_bg_64.png,49.613332,6.128825,Distrikt LÃ«tzebuerg,"9 Rue des Bains, 1212 LÃ«tzebuerg",N/A,26 26 23 96,8.3,2,"Guacamole is absolutely amazing. However, tacos looked more like quesadillas - and not the good ones. Best to stick to fajitas that were very good. 1 waiter was very rude.| Great staff, nice tacos.| Really good mexican food!| Guacamole & micheladağŸ‘ğŸ»| Ask for the home made habanero sauce!"
4e403444d22d102e85651903,L'Osteria,Trattoria,https://ss3.4sqi.net/img/categories_v2/food/italian_bg_64.png,49.610977,6.13077,Distrikt LÃ«tzebuerg,"8, Place Guillaume Ii, 1648 LÃ«tzebuerg",N/A,27 47 81 25,7.9,N/A,"Good quality, friendly stuff. Little expensive though.| Delicious tiramisu ğŸ˜‹ğŸ˜‹ğŸ˜‹| Simple pasta and grilled fish (the latter from Brasserie Guillaume next door)| Excellent food and service. A little pricey by American standards, but worth every â‚¬.| Osso bucco yemelisiniz...muhteÅŸem ğŸ‘servis ilgi alaka hoÅŸ...Ã¶zetle nezih ÅŸehirde nezih mekanğŸ‘"
4be5dd02bcef2d7f367204e5,Um Plateau SÃ rl,French Restaurant,https://ss3.4sqi.net/img/categories_v2/food/french_bg_64.png,49.612553,6.140009,Distrikt LÃ«tzebuerg,"6 Plt. Altmuenster, 1123 LÃ«tzebuerg",N/A,26 47 84 26,9.1,3,"Octopus burger| Tasteful food and nice atmosphere, the Terrasse is comfy too!| This place is great! Very nice ambience, delicious food, excellent gin selection| The starters| TrÃ¨s beau cadre, magnifique terrasse, grand choix de vin, tapas originaux et dÃ©licieux, une adresse Ã  recommander sans modÃ©ration :)"
4bcb0f0f0687ef3b20eedccc,Vis-Ã -Vis,Bar,https://ss3.4sqi.net/img/categories_v2/nightlife/pub_bg_64.png,49.613122,6.129633,Distrikt LÃ«tzebuerg,"2 Rue Beaumont, 1219 LÃ«tzebuerg",N/A,46 03 26,8.0,2,"Nothing special but seems to attract quite a few people| Traditional city pub with a mixed international crowd| Great staff, great location. Try to get a spot at the efdge of the terrace around the end of the afternoon.| Good atmosphere, nice staff| Luxembourg City really feels like a European city from this venue. Great vibe and views"
62ac9e15f38af747df1db959,Bella Ciao,Italian Restaurant,https://ss3.4sqi.net/img/categories_v2/food/italian_bg_64.png,49.61089,6.128774,Distrikt LÃ«tzebuerg,"3 Avenue Monterey, 2163 LÃ«tzebuerg",N/A,N/A,8.0,2,"Great Italian Restaurant. The King Truffle Pizza is just awesome. At least if you like a ton of truffle ğŸ˜| Gnocchi 4 cheese is beautiful, I would skip the bruschetta next time, nothing special! Great service, very fast! Really nice place"
5af6d4bccf72a0002cd2b4de,Dean & David,Salad Restaurant,https://ss3.4sqi.net/img/categories_v2/food/salad_bg_64.png,49.609824,6.129469,Distrikt LÃ«tzebuerg,2240 LÃ«tzebuerg,N/A,26 20 38 24,8.0,1,"Ğ¡Ğ²ĞµĞ¶Ğ¸Ğµ ÑĞ°Ğ»Ğ°Ñ‚Ñ‹, Ğ²ĞºÑƒÑĞ½Ñ‹Ğµ Ğ¾Ğ³Ñ€Ğ¾Ğ¼Ğ½Ñ‹Ğµ Ğ¿Ğ¾Ñ€Ñ†Ğ¸Ğ¸| SalatalarÄ± gÃ¼zel| Typical D&D - healthy food and relaxed atmosphere, all conveniently located in the city center."
4d566fe4cf1b370473f8bd3f,Kaempff-Kohler,French Restaurant,https://ss3.4sqi.net/img/categories_v2/food/french_bg_64.png,49.610962,6.130241,Distrikt LÃ«tzebuerg,"18 Place Guillaume Ii, 1648 LÃ«tzebuerg",N/A,26 86 86 1,7.8,N/A,"Great Mexican wrap| Looks tasty that it tasty though. But lovely place to gab a coffee| Very Nice place to enjoy cheese and wine. Hicham, the cheese master, is very Nice, helpful. The service was very good.| The unfriendly, not helpful and arrogant service hurts. Itâ€™s unfortunate that Luxembourgâ€™s great cheese stores are disappearing and we are left with this kinda business. Farmerâ€™s market: best option!| Place for cheese lovers. Bliss!"
4cbf49a81c6c6dcbd8c56d5e,Mesa Verde,Vegan and Vegetarian Restaurant,https://ss3.4sqi.net/img/categories_v2/food/vegetarian_bg_64.png,49.609035,6.133513,Distrikt LÃ«tzebuerg,"11 Rue du St. Esprit, 1475 LÃ«tzebuerg",N/A,46 41 26,8.1,2,"Great restaurant! Perfect for almost all ""diets"" (veggie, vegan, fish..)| Service is kinda slow but hey, you are in a vegetarian, slow food is supposed to be the concept. The food is excellent, albeit somewhat overpriced. Romantic outdoor summer seating at night.| Nous y sommes allÃ©s Ã  trois, pour diner, tout Ã©tait bon, nos trois plats, les desserts, le service, l'ambiance.Vraiment sympa.| Very slow service, food ok but really overpriced. My wife had the seitan with shitake mushrooms and they put other mushrooms instead. Not a pleasant experience overall| Best restaurant in town"
53ba602c498e3c01b55ffc85,Vins Fins,Wine Bar,https://ss3.4sqi.net/img/categories_v2/food/winery_bg_64.png,49.609378,6.13582,Distrikt LÃ«tzebuerg,"18 Rue Munster, 2160 LÃ«tzebuerg",N/A,26 20 04 49,8.2,2,"Cosy little nook with - indeed - fine wines but also snacks| Cosy environment| Great little place! Friendly service| Nice location, good wines, good carpaccio| TrÃ¨s bel endoit"
51994ceeabd8153950af545b,Glacier Bargello,Ice Cream Parlor,https://ss3.4sqi.net/img/categories_v2/food/icecream_bg_64.png,49.604255,6.131911,Distrikt LÃ«tzebuerg,"13-15 Rue du Fort Elisabeth, 1463 LÃ«tzebuerg",N/A,26 29 60 97,8.9,1,"Fui numa tarde de sÃ¡bado e o atendimento foi Ã³timo. E o sorvete Ã© muito bom.| Fui numa tarde de sÃ¡bado e o atendimento foi Ã³timo. E o glace Ã© muito saboroso.| Hervorragendes Eis. Sehr zu empfehlen. Im Hinterhof gibt es eine kleine, sonnige (bis ca 16 Uhr) und ruhige Terrasse| Shame you can only choose one flavour in the â‚¬3.50 pot! Makes it expensive and much less fun.| Sorbet 1A lecker!"
4c13c1dcb7b9c9280e17aa37,Scott's Pub,Pub,https://ss3.4sqi.net/img/categories_v2/nightlife/pub_bg_64.png,49.608575,6.136053,Distrikt LÃ«tzebuerg,"4 Bisserweg, 1238 LÃ«tzebuerg",N/A,22 64 75,8.0,2,"The Real Pub in Luxembourg. Great view on the river from the terrasse.| The beuf tartar is incredible. It uses sliced beef instead of minced and the taste is otherworldly| Friendly staff, very tasty food. We order the spare ribs which were out of this world amazing- highly recommended! Also the beet tartare was very delicious!Try the Goose IPA to accompany the ribs!!| You pay 4â‚¬ for a fizzy water. So itâ€™s best to get a beer instead.| Bad service. Period"
4bc9ba0f937ca593fc2da692,Oscar's Bar,Pub,https://ss3.4sqi.net/img/categories_v2/nightlife/pub_bg_64.png,49.608599,6.136242,Distrikt LÃ«tzebuerg,"9 Bisserweg, 1238 LÃ«tzebuerg",N/A,26 20 30 15,8.1,N/A,"Classical pub...| I have been coming to this place for over 10 years but i guess lately it sucks... the waiters are rude, food is late.| I ate the Chimichanga as the meal of the day and it was great!| Food here is OK. Dont expect any high quality stuff. It is just OK| Good burgers, nice wraps. Good brunch on Sunday !"
55e9be2b498e08491d629278,Madeira Stuff,CafÃ©,https://ss3.4sqi.net/img/categories_v2/food/cafe_bg_64.png,49.615592,6.131482,N/A,,N/A,26 88 02 20,8.0,2,The food is amazing! The tuna steak is a must. Try the 'bolo do caco' typical from Madeira.
4b773f71f964a520878b2ee3,The Tube,Pub,https://ss3.4sqi.net/img/categories_v2/nightlife/pub_bg_64.png,49.611335,6.133605,Distrikt LÃ«tzebuerg,"8 Rue Sigefroi, 2536 LÃ«tzebuerg",N/A,27 28 05 80,7.5,1,"Nice Pub in Luxembourg. Good music and good range of drinks.| Make sure you donâ€™t get robbed hereâ€¦| Crowded on Friday and Saturday - great place to hang out and for a couple of drinks| Good pub with a great beer selection. Bar itself is sadly expensive and small.| Irish themed bar, pulls a crowd, service okish, beers poorly handled on tap, stick to bottles."
4d8a3c93f607a0930530fb86,Brasserie Schuman,Cocktail Bar,https://ss3.4sqi.net/img/categories_v2/nightlife/cocktails_bg_64.png,49.617316,6.126603,Distrikt LÃ«tzebuerg,"1 Rond-Point Schuman, 2525 LÃ«tzebuerg",N/A,24 61 85 44,8.4,3,"Great place| The bar and terrace are both very nice and the menu is trimmed to only a few high-quality options.| Great terrace in the summer, and lovely food! Cosy inside too with nice staff.| Good place to go on a summer evening, there's a big terrasse to enjoy the sun and drinks!| Classy terrace, good food and drinks"
4bf2e3e8354e9c7454832602,Il Punto,Pizzeria,https://ss3.4sqi.net/img/categories_v2/food/pizza_bg_64.png,49.612312,6.126923,Distrikt LÃ«tzebuerg,"86 Grand-Rue (Rue Aldringen), 1660 LÃ«tzebuerg",N/A,26 47 82 20,7.8,2,"For lunch, I can highly recommend this small but nice Italian restaurant, where I go often. Everything on the menu is good :-)| Breakfast menu of coffee, fresh orange juice and croissant for EUR 5. Not bad at all!| TOUT EST BON| Tout est bon.SpecialitÃ©s: PÃ¢tes et Pizzas!| Best pasta napoletana and arrabbiata"
4d1c677b2dd9370492004bb5,Himalaya,Indian Restaurant,https://ss3.4sqi.net/img/categories_v2/food/indian_bg_64.png,49.614016,6.119007,Distrikt LÃ«tzebuerg,"8, Rue de Rollingergrund, 2440 LÃ«tzebuerg",N/A,25 23 85,9.1,2,"Great vindaloo and naan. Attentive service, too.| Vegetable samosas, cheese naan and palek paneer were all great!| This is a recommendable place with decent Nepalese/Indian food. Excellent service level, good price/quality ratio. The interior itself is rather basic.| Delicious ğŸ˜‹| Good service, had chicken vindaloo, great!"
5b6d5a0ca423620039f5ae09,Bagatelle X Knopes,Coffee Shop,https://ss3.4sqi.net/img/categories_v2/food/coffeeshop_bg_64.png,49.604274,6.129591,Distrikt LÃ«tzebuerg,"8 Rue Dicks, 1417 LÃ«tzebuerg",N/A,N/A,8.6,1,"Concept-store right next to the train station with excellent coffee.| Piccolo and lemon cake| Still, the best coffee in the city.| Excellent coffee in a fun setting. Great quality all around."
57a351ca498ed4f81137927f,Restaurant Amelys,French Restaurant,https://ss3.4sqi.net/img/categories_v2/food/french_bg_64.png,49.613657,6.126453,Distrikt LÃ«tzebuerg,"12, Boulevard Royal, 2449 LÃ«tzebuerg",N/A,24 16 16 737,8.0,3,Delicious dishes and impeccable service. The lamb was juicy and tender.| Excellent breakfast buffet with lots of delicious and fresh options.
4c24af1fa852c9280176e36c,Rocas,Pub,https://ss3.4sqi.net/img/categories_v2/nightlife/pub_bg_64.png,49.613326,6.129598,Distrikt LÃ«tzebuerg,"33 Rue des Capucins, 1313 LÃ«tzebuerg",N/A,N/A,7.6,1,"Wednesday nights for jam sessions,  and Thursday/Fridays  for house music!| For every taste something, lots of events, bit shabby but a great craft beer list!| Chouette endroit pour un concert ou passer une soirÃ©e musicalement intÃ©ressante| Very good Techno & Electro nights, great people and environment. Free and open Wifi for those who can't live without their fancy phones.| Best cider in town. Quiet in the afternoon, concerts and DJs in the evening."
4c23402f34faef3b74ce586d,Batucada,Brazilian Restaurant,https://ss3.4sqi.net/img/categories_v2/food/argentinian_bg_64.png,49.608301,6.132238,Distrikt LÃ«tzebuerg,"Plt. du St. Esprit, 1475 LÃ«tzebuerg",N/A,26 20 08 80,7.7,2,"caipirinha| Resto sympa, quantitÃ©s plus quâ€™assez et vrai choix pour les vÃ©gÃ©tariens :)| Really good cachaÃ§a| Really good food with a big portion.| Same chain as Devilâ€™s Kitchen and others with - largely - the same menu and middle-to-low quality."
50b173f7e4b0f2e7f14f2e49,Apoteca,Night Club,https://ss3.4sqi.net/img/categories_v2/nightlife/nightclub_bg_64.png,49.611353,6.132926,Luxembourg,"12, Rue de la Boucherie, 1247 Luxembourg",N/A,26 73 77 1,7.3,N/A,"Best club in Lux| La rumba es buenÃ­sima! Si llegas antes de las 11 Pm, no pagas cover!| Rhum 23 anos e cohiba| Die vielleicht schÃ¶nste Location in Luxemburg-Stadt. Super Cocktails und am Wochenende spielen immer gute Dj's.| Les beaux jours de ce club sont derriÃ¨re lui !"
5ca1f90e61e53b002cb89a38,Cocottes Chimay,Salad Restaurant,https://ss3.4sqi.net/img/categories_v2/food/salad_bg_64.png,49.610594,6.129387,Distrikt LÃ«tzebuerg,"8 Rue Chimay, 1333 LÃ«tzebuerg",N/A,27 49 59 27 0,7.5,1,Take-away style. Fresh and original comboâ€™s. Good selection of non-alcoholic beverages.
4ba47f7af964a520a6a038e3,Interview,Bar,https://ss3.4sqi.net/img/categories_v2/nightlife/pub_bg_64.png,49.611644,6.126988,Distrikt LÃ«tzebuerg,"21 Rue Aldringen, 1118 LÃ«tzebuerg",N/A,26 20 09 12,7.7,2,"Great place, nice people!| Watch out when you stand up, the lights are a tad low.| one of the last cafÃ©s where you can drink and smoke during lunch time!! ;-)) nice people and service| Indeed the best Capuccino of the galaxy!| In the really hot days, ask for a pint of ice/perrier/orangina, and sit on the bench with the large window opened. Stare at passer-bys. Bliss ;)"
4ce2e83647d5a143a0eb061d,L'annexe,Bistro,https://ss3.4sqi.net/img/categories_v2/food/default_bg_64.png,49.608513,6.133505,Distrikt LÃ«tzebuerg,"7 Rue du St. Esprit, 1475 LÃ«tzebuerg",N/A,26 26 25 07,7.7,3,"Lieu magnifique, belle vue sur le vieux Luxembourg, une cuisine sublime, a la fois magnifique avec une prÃ©sentation digne dâ€™un Ã©toilÃ© et au gout delicieu, les desserts incroyable. ğŸ‘ğŸ‘ğŸ‘ğŸ‘ğŸ‘ğŸ‘ğŸ¥°| Not a good place if you are looking for a lunch in less than 1h| Hidden Place with no tourists and great food. Take the risotto and the tuna steak - simply perfect!| Risotto is great"
4b6189b5f964a5204c172ae3,Exki,Sandwich Spot,https://ss3.4sqi.net/img/categories_v2/food/deli_bg_64.png,49.612215,6.127808,Distrikt LÃ«tzebuerg,"72 Grand-Rue, 1660 LÃ«tzebuerg","EXKi is a high-quality fast food restaurant offering natural, fresh products at all times of the day, in a pleasant, relaxing, environment. Our motto is natural, fresh & ready.",26 20 39 39,7.6,2,"Selection of food is good| Great organic and vegan offers. Cold and hot, soups, salads and desserts. Not very expensive and tasty. Absolutely recommended!| If youâ€™re looking for quick various vegetarian and vegan options then look no further.| Good fresh smoothies, decent coffee.| Healthy fast food :) Some foods and desserts really taste very ok."
4bbb7e72cdb3c9b6286fdea6,La Lorraine,French Restaurant,https://ss3.4sqi.net/img/categories_v2/food/french_bg_64.png,49.611037,6.129601,Distrikt LÃ«tzebuerg,"7 Place d'Armes, 1136 LÃ«tzebuerg",N/A,47 14 36,7.3,3,"The slowest service we have seen in a long time. Understaffed. Right on the Place dâ€˜Armes.| Beer is good.| Excellent, perfect service| Lack of communication between staff.  My fish is over heated due to the fact that the food come too early before finishing my starter.  Food 5.5/10, ambience 6/10, service 4/10, value for money 5/10.| Great seafood & fish options, pop in for lunch if you're in the neighbourhood"
5791d8af498e85cfb33fb0f7,Paname,Bar,https://ss3.4sqi.net/img/categories_v2/nightlife/pub_bg_64.png,49.603519,6.130202,Distrikt LÃ«tzebuerg,"50 Rue Sainte Zithe Place de Paris, 2763 LÃ«tzebuerg",N/A,24 87 31 62,8.3,2,"Enjoyin after 22| Apesar de ficarem abertos atÃ© Ã s 01h, a cozinha fecha as 22h e nÃ£o servem mais nada!| CafÃ©/bar ouvert tard avec terrasse sympa.| Food is a bit unsaltyâ€¦.| Make a reservation to be sure you get a place... otherwise itâ€™s a lottery"
4b841a89f964a520ec2031e3,Indie's,Bar,https://ss3.4sqi.net/img/categories_v2/nightlife/pub_bg_64.png,49.608391,6.132126,Distrikt LÃ«tzebuerg,"6, Boulevard Roosevelt, 2450 LÃ«tzebuerg",N/A,27 47 87 78,7.4,2,"Amazing food everything fresh taste good. Perfect place| Good place for a laid back beer, food is average bar food quality.| Nice venue, perfect for a drink with friends.| TrÃ¨s bon hamburger vÃ©gÃ©tarien (le Forest il me semble, avec plein de champignons !). J'ai beaucoup apprÃ©ciÃ© qu'ils aient plusieurs plats vÃ©gÃ©tariens et mÃªme vegan Ã  la carte.| Food is fine, atmosphere is okay. Not as characteristic as other places in the area."
5102d6ade4b01dd7ece3fa36,BANGKOK Thai-Brasserie,Thai Restaurant,https://ss3.4sqi.net/img/categories_v2/food/thai_bg_64.png,49.603895,6.132358,Distrikt LÃ«tzebuerg,"8 Rue du Fort Bourbon, 1249 LÃ«tzebuerg",N/A,27 12 56 44,8.0,2,N/A
54f9983f498e6c8bd2b01ba9,Hitch,Restaurant,https://ss3.4sqi.net/img/categories_v2/food/default_bg_64.png,49.617486,6.123002,Distrikt LÃ«tzebuerg,"21-25, AllÃ©e Scheffer (Jan l'Aveugle), 2520 LÃ«tzebuerg",Where food meets party,27 40 21 25,8.0,N/A,Their own Hitch beer is great| Very good and quick service. Delicious burgers. Meat is good quality and perfectly cooked. Recommended.| Perfect service and awesome waiters! Really nice place and good vegetarian options.| This is a nightclub after about 10 pm.  A bit of a pick up joint.| Cosy with good service and nice food. Menu not big but everything we tried was tasty.
5144ff03e4b086ca804fd2f5,Updown bar,Bar,https://ss3.4sqi.net/img/categories_v2/nightlife/pub_bg_64.png,49.60865,6.135412,N/A,"28, MontÃ©e du Grund, 1645 LÃ«tzebuerg",N/A,26 20 22 75,7.4,2,Very relaxed atmosphere. Simple grilled dishes. Very affordable for Luxembourgâ€¦| Good local cider with a price lower than everywhere and very nice and friendly stuff. The girl working here even shared WiFi from her phone because bar's WiFi didn't work outside for some reason| SÃ©lection gin / rhum excellent| Friendly evironment| Not the best option in the area for a drink...
56ec3388498e283a899fbce0,Barrels,Wine Bar,https://ss3.4sqi.net/img/categories_v2/food/winery_bg_64.png,49.617507,6.122757,Distrikt LÃ«tzebuerg,"21, AllÃ©e Scheffer, 2520 LÃ«tzebuerg",Wine & Tapas Bar Restaurant,27 40 21 21,7.9,2,"Super cool but expensive| Wine and food| A bit expensive. A lot of nice wine choices.| Great wine choice. Every month, a new region of the world is brought to your attention with selected wines. Love the atmosphere with barrels everywhere"
5c45b184cd441c002c40ab6a,Charles Sandwiches,Breakfast Spot,https://ss3.4sqi.net/img/categories_v2/food/breakfast_bg_64.png,49.604006,6.132002,Distrikt LÃ«tzebuerg,"16, Rue du Fort Bourbon, 1249 LÃ«tzebuerg","In Bacon, We trust.",27 99 38 38 11,7.7,1,"Tuna mix sandwich! We ate it at 2pm and then we didnâ€™t need a dinner! So delicious and nutritious!| Charles is the go to location when for teens in Luxembourg. Their sandwiches are impeccable and a great fill up. If youâ€™re looking for a healthy alternative the Caesar salad is the way to go.| I came here with my gal pals to enjoy a nice lunch in between classes. I was thoroughly disappointed with the service, it was incredibly slow and the waitress was unfriendly. Would not recommend!"
4c74ef5bd8948cfa813566da,L'Observatoire,Hotel Bar,https://ss3.4sqi.net/img/categories_v2/travel/hotel_bar_bg_64.png,49.605719,6.137744,Luxembourg,"35 Rue du Laboratoire, 1160 Luxembourg","World-class mixology, a futuristic design and tasty menu makes this trendy bar a popular Luxembourg hotspot - and a sophisticated space for a sunset drink.",24 87 71,7.6,3,"OMG THAT VIEW!!! (Best during daylight hours)| Nette Bar.| Great venue with incredible view but expensive prices| Right bar with a right bar menu, design and view.| Fantastic view over the valley."
59ce8fee16fa0412115b85ab,Siegfried Von Westeschgaart,Brewery,https://ss3.4sqi.net/img/categories_v2/food/brewery_bg_64.png,49.618231,6.124372,Distrikt LÃ«tzebuerg,2310 LÃ«tzebuerg,N/A,27 40 41 41,7.7,2,You get a popcorns with a beer!
5953e4de464d656632993185,Metropolitan,Cocktail Bar,https://ss3.4sqi.net/img/categories_v2/nightlife/cocktails_bg_64.png,49.603393,6.131672,Distrikt LÃ«tzebuerg,1463 LÃ«tzebuerg,N/A,691 856 874,7.7,3,"A diverse selection of eats with reasonable prices given the location. Cozy and clean, but not ostentatious.| Nice place for evening drink, pleasant barman, really tasty tapas. Coffee Illy is a good one| Fairly priced| Good lunch menu, if you excuse the 1970s disco soundtrack"
4bb7c30e98c7ef3bd5533002,Rock Box,Bar,https://ss3.4sqi.net/img/categories_v2/nightlife/pub_bg_64.png,49.613138,6.142953,Distrikt LÃ«tzebuerg,"2, Rue Emile Mousel les Rives de Clausen, 2165 LÃ«tzebuerg",N/A,20 21 00 40,7.5,2,"No food, but you're allowed to bring some in from elsewhere. Good liquor selection and a decent list of LUX beers to choose from!| ĞœÑƒĞ·Ñ‹ĞºĞ°, Ğ±ĞµÑĞ¿Ğ»Ğ°Ñ‚Ğ½Ñ‹Ğ¹ Ğ¿Ğ¾Ğ¿ĞºĞ¾Ñ€Ğ½| My favourite Rock bar ever. Perfect music, only hits.| Wear your leather. Cool place, great people and explosive atmosphere. Do.| Service plus que moyen et reste dans l'""esprit"" (on aime ou ON N'AIME PAS) de Rives de Clausen."
